,File Path,NoTrees,Trees
0,/content/test/NoTrees/AnnualCrop_552.jpg,0.288,0.712
1,/content/test/NoTrees/Industrial_1972.jpg,0.992,0.008
2,/content/test/NoTrees/Industrial_2173.jpg,1.0,0.0
3,/content/test/Trees/Forest_320.jpg,0.012,0.988
4,/content/test/NoTrees/Industrial_91.jpg,0.999,0.001
5,/content/test/NoTrees/Industrial_1726.jpg,1.0,0.0
6,/content/test/NoTrees/Industrial_2295.jpg,1.0,0.0
7,/content/test/Trees/Forest_2336.jpg,0.009,0.991
8,/content/test/NoTrees/SeaLake_1918.jpg,1.0,0.0
9,/content/test/NoTrees/SeaLake_29.jpg,0.994,0.006
10,/content/test/NoTrees/SeaLake_1978.jpg,1.0,0.0
11,/content/test/Trees/Forest_2879.jpg,0.0,1.0
12,/content/test/NoTrees/SeaLake_428.jpg,1.0,0.0
13,/content/test/Trees/Forest_1843.jpg,0.0,1.0
14,/content/test/Trees/Forest_224.jpg,0.614,0.386
15,/content/test/NoTrees/Industrial_2325.jpg,0.983,0.017
16,/content/test/Trees/Forest_779.jpg,0.008,0.992
17,/content/test/Trees/River_265.jpg,0.001,0.999
18,/content/test/Trees/River_650.jpg,0.004,0.996
19,/content/test/Trees/Forest_2010.jpg,0.028,0.972
20,/content/test/Trees/River_1460.jpg,0.041,0.959
21,/content/test/NoTrees/AnnualCrop_1202.jpg,1.0,0.0
22,/content/test/NoTrees/SeaLake_1729.jpg,0.995,0.005
23,/content/test/Trees/Forest_1247.jpg,0.038,0.962
24,/content/test/Trees/Forest_204.jpg,0.206,0.794
25,/content/test/NoTrees/SeaLake_814.jpg,0.999,0.001
26,/content/test/NoTrees/Industrial_2036.jpg,0.991,0.009
27,/content/test/Trees/Forest_1016.jpg,0.022,0.978
28,/content/test/Trees/Forest_498.jpg,0.003,0.997
29,/content/test/Trees/Forest_515.jpg,0.009,0.991
30,/content/test/Trees/River_2156.jpg,0.049,0.951
31,/content/test/Trees/River_300.jpg,0.089,0.911
32,/content/test/Trees/Pasture_472.jpg,0.504,0.496
33,/content/test/NoTrees/Industrial_1322.jpg,0.971,0.029
34,/content/test/NoTrees/Industrial_2497.jpg,1.0,0.0
35,/content/test/NoTrees/SeaLake_529.jpg,1.0,0.0
36,/content/test/Trees/River_791.jpg,0.135,0.865
37,/content/test/Trees/Forest_2834.jpg,0.276,0.724
38,/content/test/Trees/Forest_583.jpg,0.048,0.952
39,/content/test/NoTrees/SeaLake_1995.jpg,0.821,0.179
40,/content/test/NoTrees/SeaLake_1612.jpg,0.949,0.051
41,/content/test/NoTrees/Industrial_359.jpg,1.0,0.0
42,/content/test/NoTrees/Industrial_260.jpg,1.0,0.0
43,/content/test/Trees/Forest_2186.jpg,0.001,0.999
44,/content/test/Trees/River_2022.jpg,0.003,0.997
45,/content/test/Trees/Forest_1492.jpg,0.032,0.968
46,/content/test/Trees/River_1570.jpg,0.001,0.999
47,/content/test/NoTrees/Industrial_1834.jpg,1.0,0.0
48,/content/test/Trees/Forest_1576.jpg,0.007,0.993
49,/content/test/Trees/Forest_1784.jpg,0.003,0.997
50,/content/test/NoTrees/SeaLake_2662.jpg,0.983,0.017
51,/content/test/NoTrees/Industrial_1756.jpg,1.0,0.0
52,/content/test/Trees/Forest_1242.jpg,0.797,0.203
53,/content/test/NoTrees/Industrial_2002.jpg,0.999,0.001
54,/content/test/Trees/River_2259.jpg,0.006,0.994
55,/content/test/Trees/River_338.jpg,0.004,0.996
56,/content/test/Trees/Forest_2338.jpg,0.003,0.997
57,/content/test/Trees/Forest_2022.jpg,0.02,0.98
58,/content/test/NoTrees/Industrial_943.jpg,1.0,0.0
59,/content/test/Trees/River_1122.jpg,0.046,0.954
60,/content/test/Trees/River_1415.jpg,0.002,0.998
61,/content/test/Trees/Forest_1792.jpg,1.0,0.0
62,/content/test/NoTrees/Industrial_1437.jpg,1.0,0.0
63,/content/test/NoTrees/Industrial_308.jpg,0.996,0.004
64,/content/test/NoTrees/Industrial_2152.jpg,0.997,0.003
65,/content/test/NoTrees/SeaLake_1235.jpg,0.999,0.001
66,/content/test/NoTrees/Industrial_1192.jpg,0.995,0.005
67,/content/test/NoTrees/AnnualCrop_2309.jpg,1.0,0.0
68,/content/test/NoTrees/Industrial_1527.jpg,1.0,0.0
69,/content/test/NoTrees/SeaLake_1913.jpg,1.0,0.0
70,/content/test/NoTrees/SeaLake_520.jpg,0.999,0.001
71,/content/test/Trees/Pasture_1352.jpg,0.01,0.99
72,/content/test/Trees/Forest_2586.jpg,0.756,0.244
73,/content/test/Trees/Forest_361.jpg,0.229,0.771
74,/content/test/NoTrees/SeaLake_272.jpg,1.0,0.0
75,/content/test/Trees/Forest_1731.jpg,0.016,0.984
76,/content/test/NoTrees/SeaLake_1730.jpg,0.999,0.001
77,/content/test/NoTrees/SeaLake_1996.jpg,1.0,0.0
78,/content/test/NoTrees/Industrial_798.jpg,0.996,0.004
79,/content/test/NoTrees/Industrial_908.jpg,1.0,0.0
80,/content/test/NoTrees/Industrial_57.jpg,1.0,0.0
81,/content/test/Trees/Forest_1296.jpg,0.009,0.991
82,/content/test/Trees/Forest_901.jpg,0.019,0.981
83,/content/test/NoTrees/SeaLake_849.jpg,1.0,0.0
84,/content/test/NoTrees/Industrial_2029.jpg,1.0,0.0
85,/content/test/NoTrees/SeaLake_44.jpg,1.0,0.0
86,/content/test/NoTrees/SeaLake_1613.jpg,0.999,0.001
87,/content/test/NoTrees/SeaLake_2449.jpg,1.0,0.0
88,/content/test/Trees/River_1406.jpg,0.002,0.998
89,/content/test/Trees/River_330.jpg,0.014,0.986
90,/content/test/NoTrees/AnnualCrop_1714.jpg,1.0,0.0
91,/content/test/Trees/River_130.jpg,0.138,0.862
92,/content/test/NoTrees/SeaLake_780.jpg,1.0,0.0
93,/content/test/NoTrees/Industrial_607.jpg,1.0,0.0
94,/content/test/NoTrees/SeaLake_2679.jpg,1.0,0.0
95,/content/test/Trees/Forest_270.jpg,0.016,0.984
96,/content/test/Trees/Forest_312.jpg,0.002,0.998
97,/content/test/Trees/River_1971.jpg,0.03,0.97
98,/content/test/NoTrees/SeaLake_1691.jpg,0.992,0.008
99,/content/test/Trees/Forest_1781.jpg,0.252,0.748
100,/content/test/NoTrees/SeaLake_542.jpg,1.0,0.0
101,/content/test/NoTrees/SeaLake_951.jpg,1.0,0.0
102,/content/test/NoTrees/Industrial_2453.jpg,1.0,0.0
103,/content/test/Trees/River_2006.jpg,0.0,1.0
104,/content/test/Trees/Forest_1032.jpg,0.102,0.898
105,/content/test/NoTrees/SeaLake_768.jpg,0.999,0.001
106,/content/test/Trees/Forest_1103.jpg,0.011,0.989
107,/content/test/Trees/River_1884.jpg,0.0,1.0
108,/content/test/Trees/River_1703.jpg,0.026,0.974
109,/content/test/NoTrees/SeaLake_1599.jpg,0.962,0.038
110,/content/test/NoTrees/AnnualCrop_2614.jpg,0.659,0.341
111,/content/test/Trees/Forest_1391.jpg,0.524,0.476
112,/content/test/NoTrees/SeaLake_445.jpg,0.948,0.052
113,/content/test/NoTrees/AnnualCrop_1597.jpg,0.947,0.053
114,/content/test/Trees/Forest_826.jpg,0.0,1.0
115,/content/test/NoTrees/SeaLake_2076.jpg,1.0,0.0
116,/content/test/NoTrees/Industrial_1107.jpg,1.0,0.0
117,/content/test/Trees/Forest_2809.jpg,0.003,0.997
118,/content/test/Trees/River_452.jpg,0.183,0.817
119,/content/test/Trees/Forest_1386.jpg,0.0,1.0
120,/content/test/Trees/River_2403.jpg,0.003,0.997
121,/content/test/Trees/Forest_80.jpg,0.01,0.99
122,/content/test/NoTrees/AnnualCrop_2994.jpg,0.992,0.008
123,/content/test/Trees/River_1257.jpg,0.055,0.945
124,/content/test/Trees/Forest_1660.jpg,0.558,0.442
125,/content/test/Trees/Forest_2833.jpg,0.199,0.801
126,/content/test/NoTrees/AnnualCrop_1378.jpg,0.309,0.691
127,/content/test/Trees/Forest_2482.jpg,0.019,0.981
128,/content/test/NoTrees/AnnualCrop_72.jpg,0.909,0.091
129,/content/test/NoTrees/Industrial_2364.jpg,1.0,0.0
130,/content/test/Trees/Forest_1341.jpg,0.064,0.936
131,/content/test/NoTrees/SeaLake_839.jpg,0.996,0.004
132,/content/test/NoTrees/Industrial_1507.jpg,1.0,0.0
133,/content/test/NoTrees/Industrial_2009.jpg,0.999,0.001
134,/content/test/Trees/River_145.jpg,0.047,0.953
135,/content/test/NoTrees/Industrial_183.jpg,0.993,0.007
136,/content/test/Trees/River_1833.jpg,0.0,1.0
137,/content/test/NoTrees/SeaLake_1629.jpg,0.993,0.007
138,/content/test/NoTrees/Industrial_1866.jpg,1.0,0.0
139,/content/test/Trees/Forest_2060.jpg,0.108,0.892
140,/content/test/NoTrees/SeaLake_2064.jpg,0.992,0.008
141,/content/test/NoTrees/AnnualCrop_261.jpg,0.74,0.26
142,/content/test/NoTrees/AnnualCrop_2807.jpg,0.957,0.043
143,/content/test/NoTrees/SeaLake_300.jpg,0.837,0.163
144,/content/test/Trees/Forest_1969.jpg,0.001,0.999
145,/content/test/Trees/Forest_708.jpg,0.0,1.0
146,/content/test/Trees/Forest_1848.jpg,0.073,0.927
147,/content/test/Trees/Forest_768.jpg,0.222,0.778
148,/content/test/NoTrees/SeaLake_2030.jpg,0.999,0.001
149,/content/test/Trees/Pasture_1310.jpg,0.05,0.95
150,/content/test/Trees/River_2206.jpg,0.07,0.93
151,/content/test/NoTrees/SeaLake_344.jpg,1.0,0.0
152,/content/test/NoTrees/SeaLake_179.jpg,0.883,0.117
153,/content/test/NoTrees/SeaLake_1519.jpg,0.979,0.021
154,/content/test/Trees/Forest_1331.jpg,0.019,0.981
155,/content/test/NoTrees/Industrial_471.jpg,1.0,0.0
156,/content/test/NoTrees/Industrial_455.jpg,1.0,0.0
157,/content/test/Trees/Forest_483.jpg,0.01,0.99
158,/content/test/NoTrees/Industrial_1040.jpg,0.998,0.002
159,/content/test/Trees/Pasture_1417.jpg,0.843,0.157
160,/content/test/NoTrees/SeaLake_815.jpg,1.0,0.0
161,/content/test/NoTrees/SeaLake_870.jpg,1.0,0.0
162,/content/test/NoTrees/Industrial_439.jpg,0.991,0.009
163,/content/test/Trees/River_1134.jpg,0.286,0.714
164,/content/test/Trees/River_1534.jpg,0.738,0.262
165,/content/test/Trees/River_98.jpg,0.006,0.994
166,/content/test/NoTrees/SeaLake_1350.jpg,1.0,0.0
167,/content/test/Trees/River_1461.jpg,0.035,0.965
168,/content/test/NoTrees/Industrial_2160.jpg,1.0,0.0
169,/content/test/Trees/Forest_2705.jpg,0.396,0.604
170,/content/test/Trees/River_1278.jpg,0.074,0.926
171,/content/test/NoTrees/SeaLake_145.jpg,1.0,0.0
172,/content/test/Trees/Forest_2509.jpg,0.0,1.0
173,/content/test/NoTrees/Industrial_761.jpg,1.0,0.0
174,/content/test/NoTrees/Industrial_1056.jpg,1.0,0.0
175,/content/test/NoTrees/Industrial_2177.jpg,1.0,0.0
176,/content/test/NoTrees/AnnualCrop_151.jpg,1.0,0.0
177,/content/test/NoTrees/SeaLake_217.jpg,0.991,0.009
178,/content/test/Trees/Forest_1861.jpg,0.005,0.995
179,/content/test/Trees/Forest_1132.jpg,0.027,0.973
180,/content/test/Trees/Forest_705.jpg,0.006,0.994
181,/content/test/Trees/Forest_68.jpg,0.002,0.998
182,/content/test/NoTrees/Industrial_379.jpg,0.999,0.001
183,/content/test/NoTrees/SeaLake_2089.jpg,1.0,0.0
184,/content/test/NoTrees/SeaLake_1178.jpg,0.974,0.026
185,/content/test/NoTrees/SeaLake_1401.jpg,1.0,0.0
186,/content/test/NoTrees/AnnualCrop_2538.jpg,0.992,0.008
187,/content/test/NoTrees/Industrial_545.jpg,1.0,0.0
188,/content/test/NoTrees/Industrial_1010.jpg,0.957,0.043
189,/content/test/NoTrees/Industrial_1218.jpg,1.0,0.0
190,/content/test/Trees/River_1720.jpg,0.0,1.0
191,/content/test/Trees/River_2154.jpg,0.013,0.987
192,/content/test/NoTrees/SeaLake_953.jpg,0.989,0.011
193,/content/test/NoTrees/SeaLake_2104.jpg,1.0,0.0
194,/content/test/Trees/Forest_2070.jpg,0.016,0.984
195,/content/test/NoTrees/AnnualCrop_2144.jpg,0.931,0.069
196,/content/test/Trees/Forest_2129.jpg,0.004,0.996
197,/content/test/Trees/Forest_356.jpg,0.004,0.996
198,/content/test/NoTrees/SeaLake_1619.jpg,1.0,0.0
199,/content/test/Trees/Forest_1432.jpg,0.001,0.999
200,/content/test/Trees/River_582.jpg,0.191,0.809
201,/content/test/NoTrees/SeaLake_1369.jpg,1.0,0.0
202,/content/test/Trees/River_1924.jpg,0.033,0.967
203,/content/test/Trees/Forest_2520.jpg,0.689,0.311
204,/content/test/Trees/River_1629.jpg,0.01,0.99
205,/content/test/Trees/River_939.jpg,0.031,0.969
206,/content/test/Trees/Forest_2787.jpg,0.205,0.795
207,/content/test/NoTrees/Industrial_1150.jpg,0.64,0.36
208,/content/test/Trees/River_2473.jpg,0.011,0.989
209,/content/test/Trees/River_1157.jpg,0.0,1.0
210,/content/test/Trees/River_132.jpg,0.132,0.868
211,/content/test/Trees/Pasture_1550.jpg,0.213,0.787
212,/content/test/NoTrees/AnnualCrop_452.jpg,1.0,0.0
213,/content/test/Trees/River_81.jpg,0.969,0.031
214,/content/test/Trees/Forest_2964.jpg,0.04,0.96
215,/content/test/Trees/Forest_2163.jpg,0.056,0.944
216,/content/test/NoTrees/AnnualCrop_630.jpg,0.997,0.003
217,/content/test/NoTrees/SeaLake_912.jpg,0.981,0.019
218,/content/test/NoTrees/AnnualCrop_2570.jpg,0.998,0.002
219,/content/test/Trees/Forest_1047.jpg,0.019,0.981
220,/content/test/NoTrees/SeaLake_1048.jpg,1.0,0.0
221,/content/test/NoTrees/Industrial_2137.jpg,1.0,0.0
222,/content/test/NoTrees/SeaLake_1766.jpg,0.02,0.98
223,/content/test/NoTrees/Industrial_2243.jpg,0.999,0.001
224,/content/test/Trees/River_1430.jpg,0.008,0.992
225,/content/test/Trees/River_1179.jpg,0.008,0.992
226,/content/test/Trees/Forest_981.jpg,0.358,0.642
227,/content/test/Trees/Forest_1550.jpg,0.014,0.986
228,/content/test/Trees/River_6.jpg,0.003,0.997
229,/content/test/NoTrees/SeaLake_1009.jpg,1.0,0.0
230,/content/test/NoTrees/AnnualCrop_426.jpg,0.921,0.079
231,/content/test/Trees/River_1072.jpg,0.002,0.998
232,/content/test/NoTrees/SeaLake_803.jpg,1.0,0.0
233,/content/test/Trees/Forest_1687.jpg,0.003,0.997
234,/content/test/Trees/Forest_1081.jpg,0.0,1.0
235,/content/test/NoTrees/SeaLake_1603.jpg,0.997,0.003
236,/content/test/Trees/Forest_1070.jpg,0.012,0.988
237,/content/test/Trees/River_351.jpg,0.032,0.968
238,/content/test/Trees/Forest_2428.jpg,0.025,0.975
239,/content/test/NoTrees/SeaLake_550.jpg,1.0,0.0
240,/content/test/Trees/Forest_2324.jpg,0.016,0.984
241,/content/test/NoTrees/Industrial_1945.jpg,1.0,0.0
242,/content/test/Trees/Forest_2801.jpg,0.001,0.999
243,/content/test/NoTrees/SeaLake_383.jpg,1.0,0.0
244,/content/test/Trees/River_1848.jpg,0.652,0.348
245,/content/test/Trees/River_1599.jpg,0.164,0.836
246,/content/test/Trees/River_809.jpg,0.024,0.976
247,/content/test/Trees/River_76.jpg,0.797,0.203
248,/content/test/NoTrees/AnnualCrop_1045.jpg,0.808,0.192
249,/content/test/NoTrees/Industrial_2058.jpg,0.789,0.211
250,/content/test/Trees/Forest_2017.jpg,1.0,0.0
251,/content/test/Trees/River_1035.jpg,0.694,0.306
252,/content/test/Trees/Pasture_8.jpg,0.027,0.973
253,/content/test/NoTrees/SeaLake_1039.jpg,1.0,0.0
254,/content/test/NoTrees/Industrial_2110.jpg,0.999,0.001
255,/content/test/NoTrees/Industrial_1120.jpg,0.697,0.303
256,/content/test/NoTrees/SeaLake_1861.jpg,0.979,0.021
257,/content/test/Trees/Forest_1596.jpg,0.517,0.483
258,/content/test/Trees/Forest_2001.jpg,0.38,0.62
259,/content/test/NoTrees/SeaLake_2078.jpg,0.975,0.025
260,/content/test/Trees/Forest_795.jpg,0.065,0.935
261,/content/test/Trees/Forest_636.jpg,0.0,1.0
262,/content/test/NoTrees/Industrial_52.jpg,0.974,0.026
263,/content/test/Trees/Forest_942.jpg,0.009,0.991
264,/content/test/Trees/River_943.jpg,0.065,0.935
265,/content/test/NoTrees/Industrial_1670.jpg,1.0,0.0
266,/content/test/Trees/River_2308.jpg,0.0,1.0
267,/content/test/NoTrees/SeaLake_1819.jpg,0.99,0.01
268,/content/test/NoTrees/SeaLake_1318.jpg,1.0,0.0
269,/content/test/Trees/Pasture_1434.jpg,0.966,0.034
270,/content/test/NoTrees/Industrial_1552.jpg,1.0,0.0
271,/content/test/NoTrees/Industrial_200.jpg,0.999,0.001
272,/content/test/Trees/Forest_2957.jpg,0.429,0.571
273,/content/test/NoTrees/Industrial_1950.jpg,1.0,0.0
274,/content/test/Trees/River_43.jpg,0.184,0.816
275,/content/test/Trees/Forest_854.jpg,0.023,0.977
276,/content/test/Trees/Forest_975.jpg,1.0,0.0
277,/content/test/NoTrees/AnnualCrop_91.jpg,0.961,0.039
278,/content/test/Trees/Pasture_829.jpg,0.54,0.46
279,/content/test/Trees/River_1637.jpg,0.001,0.999
280,/content/test/NoTrees/Industrial_2467.jpg,1.0,0.0
281,/content/test/NoTrees/Industrial_2112.jpg,1.0,0.0
282,/content/test/NoTrees/Industrial_1508.jpg,0.999,0.001
283,/content/test/Trees/River_2001.jpg,0.011,0.989
284,/content/test/Trees/River_420.jpg,0.033,0.967
285,/content/test/NoTrees/Industrial_1320.jpg,1.0,0.0
286,/content/test/NoTrees/Industrial_868.jpg,0.999,0.001
287,/content/test/NoTrees/Industrial_1269.jpg,1.0,0.0
288,/content/test/Trees/Forest_2713.jpg,0.009,0.991
289,/content/test/Trees/Forest_2718.jpg,0.0,1.0
290,/content/test/Trees/Forest_1924.jpg,0.001,0.999
291,/content/test/NoTrees/Industrial_1595.jpg,0.999,0.001
292,/content/test/Trees/Forest_1184.jpg,0.002,0.998
293,/content/test/Trees/Forest_1692.jpg,0.082,0.918
294,/content/test/Trees/Forest_2460.jpg,0.278,0.722
295,/content/test/Trees/Forest_21.jpg,0.897,0.103
296,/content/test/NoTrees/SeaLake_1785.jpg,1.0,0.0
297,/content/test/Trees/River_826.jpg,0.142,0.858
298,/content/test/Trees/Forest_2979.jpg,0.021,0.979
299,/content/test/Trees/Forest_2037.jpg,0.565,0.435
300,/content/test/NoTrees/SeaLake_225.jpg,1.0,0.0
301,/content/test/Trees/Pasture_1765.jpg,0.291,0.709
302,/content/test/NoTrees/AnnualCrop_2167.jpg,0.853,0.147
303,/content/test/Trees/Forest_1539.jpg,0.092,0.908
304,/content/test/Trees/Forest_1126.jpg,0.067,0.933
305,/content/test/Trees/Forest_598.jpg,0.009,0.991
306,/content/test/NoTrees/Industrial_1963.jpg,1.0,0.0
307,/content/test/Trees/Forest_590.jpg,0.058,0.942
308,/content/test/NoTrees/SeaLake_649.jpg,0.997,0.003
309,/content/test/Trees/River_608.jpg,0.015,0.985
310,/content/test/NoTrees/Industrial_639.jpg,0.974,0.026
311,/content/test/Trees/Forest_2462.jpg,0.048,0.952
312,/content/test/NoTrees/SeaLake_1508.jpg,0.999,0.001
313,/content/test/NoTrees/Industrial_851.jpg,0.908,0.092
314,/content/test/Trees/Forest_1014.jpg,0.221,0.779
315,/content/test/NoTrees/Industrial_323.jpg,1.0,0.0
316,/content/test/Trees/Forest_1651.jpg,0.027,0.973
317,/content/test/Trees/Forest_1521.jpg,0.009,0.991
318,/content/test/Trees/Pasture_1298.jpg,0.912,0.088
319,/content/test/Trees/Forest_1196.jpg,0.18,0.82
320,/content/test/NoTrees/Industrial_1986.jpg,0.999,0.001
321,/content/test/Trees/River_861.jpg,0.009,0.991
322,/content/test/Trees/Forest_195.jpg,0.041,0.959
323,/content/test/Trees/Forest_535.jpg,0.0,1.0
324,/content/test/Trees/Forest_1529.jpg,0.031,0.969
325,/content/test/NoTrees/Industrial_624.jpg,0.958,0.042
326,/content/test/NoTrees/AnnualCrop_2906.jpg,1.0,0.0
327,/content/test/NoTrees/SeaLake_338.jpg,0.969,0.031
328,/content/test/Trees/Forest_1879.jpg,0.011,0.989
329,/content/test/Trees/Forest_1766.jpg,0.024,0.976
330,/content/test/NoTrees/Industrial_1140.jpg,0.999,0.001
331,/content/test/Trees/River_1608.jpg,0.022,0.978
332,/content/test/Trees/River_1913.jpg,0.576,0.424
333,/content/test/Trees/River_2146.jpg,0.17,0.83
334,/content/test/NoTrees/Industrial_1655.jpg,0.995,0.005
335,/content/test/Trees/Forest_1310.jpg,0.46,0.54
336,/content/test/NoTrees/Industrial_1333.jpg,1.0,0.0
337,/content/test/NoTrees/AnnualCrop_2609.jpg,0.998,0.002
338,/content/test/NoTrees/SeaLake_107.jpg,0.984,0.016
339,/content/test/Trees/Forest_1005.jpg,0.001,0.999
340,/content/test/NoTrees/Industrial_2114.jpg,0.998,0.002
341,/content/test/NoTrees/Industrial_466.jpg,1.0,0.0
342,/content/test/NoTrees/Industrial_796.jpg,1.0,0.0
343,/content/test/Trees/Forest_199.jpg,0.032,0.968
344,/content/test/Trees/Forest_2966.jpg,0.04,0.96
345,/content/test/NoTrees/Industrial_2331.jpg,0.993,0.007
346,/content/test/NoTrees/Industrial_2233.jpg,1.0,0.0
347,/content/test/NoTrees/Industrial_1350.jpg,1.0,0.0
348,/content/test/NoTrees/Industrial_2073.jpg,0.462,0.538
349,/content/test/Trees/Forest_2875.jpg,0.0,1.0
350,/content/test/NoTrees/Industrial_1145.jpg,0.996,0.004
351,/content/test/Trees/River_2253.jpg,0.575,0.425
352,/content/test/Trees/Forest_2144.jpg,0.996,0.004
353,/content/test/NoTrees/SeaLake_439.jpg,1.0,0.0
354,/content/test/Trees/Pasture_929.jpg,0.198,0.802
355,/content/test/NoTrees/SeaLake_932.jpg,1.0,0.0
356,/content/test/Trees/Forest_1460.jpg,0.004,0.996
357,/content/test/NoTrees/Industrial_800.jpg,1.0,0.0
358,/content/test/Trees/River_16.jpg,0.008,0.992
359,/content/test/Trees/River_1162.jpg,0.046,0.954
360,/content/test/NoTrees/SeaLake_448.jpg,0.999,0.001
361,/content/test/Trees/Forest_1724.jpg,0.003,0.997
362,/content/test/NoTrees/SeaLake_391.jpg,0.991,0.009
363,/content/test/Trees/River_1059.jpg,0.179,0.821
364,/content/test/Trees/Forest_2162.jpg,0.014,0.986
365,/content/test/Trees/River_878.jpg,0.967,0.033
366,/content/test/Trees/Forest_2230.jpg,0.118,0.882
367,/content/test/NoTrees/Industrial_2368.jpg,0.999,0.001
368,/content/test/NoTrees/SeaLake_644.jpg,1.0,0.0
369,/content/test/NoTrees/Industrial_767.jpg,1.0,0.0
370,/content/test/NoTrees/SeaLake_1285.jpg,0.975,0.025
371,/content/test/Trees/River_1401.jpg,0.002,0.998
372,/content/test/Trees/Forest_1622.jpg,0.003,0.997
373,/content/test/Trees/River_2091.jpg,0.001,0.999
374,/content/test/Trees/Forest_2623.jpg,0.999,0.001
375,/content/test/Trees/Forest_1398.jpg,0.007,0.993
376,/content/test/NoTrees/SeaLake_1686.jpg,0.996,0.004
377,/content/test/Trees/Forest_1776.jpg,0.082,0.918
378,/content/test/Trees/River_1199.jpg,0.006,0.994
379,/content/test/Trees/River_896.jpg,0.05,0.95
380,/content/test/NoTrees/Industrial_1860.jpg,1.0,0.0
381,/content/test/NoTrees/SeaLake_1022.jpg,1.0,0.0
382,/content/test/Trees/Forest_2890.jpg,0.101,0.899
383,/content/test/Trees/River_1935.jpg,0.009,0.991
384,/content/test/NoTrees/SeaLake_867.jpg,0.982,0.018
385,/content/test/NoTrees/AnnualCrop_988.jpg,1.0,0.0
386,/content/test/Trees/River_1358.jpg,0.001,0.999
387,/content/test/Trees/River_2423.jpg,0.16,0.84
388,/content/test/NoTrees/Industrial_1690.jpg,1.0,0.0
389,/content/test/Trees/Forest_2134.jpg,0.002,0.998
390,/content/test/Trees/Pasture_1070.jpg,0.88,0.12
391,/content/test/Trees/Forest_2554.jpg,0.177,0.823
392,/content/test/NoTrees/AnnualCrop_88.jpg,0.989,0.011
393,/content/test/NoTrees/SeaLake_328.jpg,0.993,0.007
394,/content/test/Trees/Forest_9.jpg,0.042,0.958
395,/content/test/NoTrees/Industrial_158.jpg,1.0,0.0
396,/content/test/NoTrees/SeaLake_760.jpg,1.0,0.0
397,/content/test/NoTrees/Industrial_1677.jpg,0.999,0.001
398,/content/test/Trees/River_1003.jpg,0.02,0.98
399,/content/test/NoTrees/Industrial_801.jpg,1.0,0.0
400,/content/test/Trees/Forest_475.jpg,0.006,0.994
401,/content/test/Trees/River_1613.jpg,0.005,0.995
402,/content/test/Trees/Pasture_234.jpg,0.127,0.873
403,/content/test/NoTrees/Industrial_1659.jpg,1.0,0.0
404,/content/test/Trees/River_488.jpg,0.035,0.965
405,/content/test/Trees/Forest_337.jpg,0.0,1.0
406,/content/test/NoTrees/Industrial_1660.jpg,0.918,0.082
407,/content/test/NoTrees/Industrial_2190.jpg,1.0,0.0
408,/content/test/NoTrees/SeaLake_1490.jpg,1.0,0.0
409,/content/test/Trees/Forest_1049.jpg,0.001,0.999
410,/content/test/Trees/River_907.jpg,0.09,0.91
411,/content/test/Trees/Forest_1628.jpg,0.075,0.925
412,/content/test/Trees/Forest_538.jpg,0.054,0.946
413,/content/test/NoTrees/AnnualCrop_1624.jpg,0.953,0.047
414,/content/test/NoTrees/AnnualCrop_270.jpg,0.961,0.039
415,/content/test/Trees/Forest_2967.jpg,0.0,1.0
416,/content/test/Trees/River_2405.jpg,0.099,0.901
417,/content/test/Trees/Forest_1317.jpg,0.915,0.085
418,/content/test/NoTrees/AnnualCrop_990.jpg,0.975,0.025
419,/content/test/Trees/Forest_1228.jpg,0.0,1.0
420,/content/test/Trees/Forest_2854.jpg,0.149,0.851
421,/content/test/NoTrees/SeaLake_1459.jpg,1.0,0.0
422,/content/test/Trees/Forest_94.jpg,0.0,1.0
423,/content/test/NoTrees/Industrial_465.jpg,1.0,0.0
424,/content/test/Trees/Forest_2486.jpg,0.0,1.0
425,/content/test/Trees/Forest_686.jpg,0.015,0.985
426,/content/test/NoTrees/Industrial_2487.jpg,0.999,0.001
427,/content/test/NoTrees/SeaLake_1510.jpg,0.995,0.005
428,/content/test/NoTrees/AnnualCrop_576.jpg,0.96,0.04
429,/content/test/Trees/River_2170.jpg,0.047,0.953
430,/content/test/NoTrees/SeaLake_1338.jpg,1.0,0.0
431,/content/test/NoTrees/SeaLake_1003.jpg,0.939,0.061
432,/content/test/NoTrees/SeaLake_1880.jpg,1.0,0.0
433,/content/test/Trees/Forest_1547.jpg,0.0,1.0
434,/content/test/NoTrees/Industrial_409.jpg,0.999,0.001
435,/content/test/NoTrees/Industrial_966.jpg,1.0,0.0
436,/content/test/Trees/Forest_1021.jpg,0.054,0.946
437,/content/test/Trees/Forest_458.jpg,0.0,1.0
438,/content/test/Trees/River_1737.jpg,0.006,0.994
439,/content/test/Trees/River_417.jpg,0.005,0.995
440,/content/test/NoTrees/AnnualCrop_21.jpg,0.952,0.048
441,/content/test/Trees/Forest_1975.jpg,0.012,0.988
442,/content/test/Trees/Forest_845.jpg,0.0,1.0
443,/content/test/NoTrees/SeaLake_1890.jpg,0.998,0.002
444,/content/test/NoTrees/Industrial_2093.jpg,1.0,0.0
445,/content/test/NoTrees/Industrial_2084.jpg,0.996,0.004
446,/content/test/Trees/Forest_865.jpg,0.031,0.969
447,/content/test/NoTrees/SeaLake_1118.jpg,0.895,0.105
448,/content/test/Trees/Forest_634.jpg,0.126,0.874
449,/content/test/Trees/Forest_1684.jpg,0.296,0.704
450,/content/test/Trees/River_1810.jpg,0.111,0.889
451,/content/test/Trees/Forest_2921.jpg,0.014,0.986
452,/content/test/Trees/Forest_712.jpg,0.037,0.963
453,/content/test/NoTrees/Industrial_1975.jpg,0.615,0.385
454,/content/test/NoTrees/Industrial_2033.jpg,0.995,0.005
455,/content/test/Trees/Forest_1644.jpg,0.505,0.495
456,/content/test/NoTrees/Industrial_1745.jpg,1.0,0.0
457,/content/test/Trees/Forest_2300.jpg,0.007,0.993
458,/content/test/Trees/River_2275.jpg,0.061,0.939
459,/content/test/Trees/Forest_225.jpg,0.029,0.971
460,/content/test/Trees/Forest_112.jpg,0.024,0.976
461,/content/test/NoTrees/SeaLake_836.jpg,1.0,0.0
462,/content/test/Trees/Forest_2388.jpg,0.026,0.974
463,/content/test/NoTrees/Industrial_1191.jpg,1.0,0.0
464,/content/test/Trees/Forest_89.jpg,0.047,0.953
465,/content/test/NoTrees/Industrial_1317.jpg,0.66,0.34
466,/content/test/NoTrees/Industrial_768.jpg,1.0,0.0
467,/content/test/Trees/River_645.jpg,0.584,0.416
468,/content/test/Trees/Forest_1337.jpg,0.234,0.766
469,/content/test/Trees/River_1521.jpg,0.004,0.996
470,/content/test/Trees/Forest_2785.jpg,0.02,0.98
471,/content/test/NoTrees/AnnualCrop_98.jpg,1.0,0.0
472,/content/test/NoTrees/SeaLake_1078.jpg,1.0,0.0
473,/content/test/NoTrees/AnnualCrop_2539.jpg,0.999,0.001
474,/content/test/NoTrees/SeaLake_1916.jpg,1.0,0.0
475,/content/test/NoTrees/Industrial_262.jpg,0.994,0.006
476,/content/test/NoTrees/SeaLake_1678.jpg,1.0,0.0
477,/content/test/Trees/River_1083.jpg,0.002,0.998
478,/content/test/NoTrees/Industrial_2391.jpg,1.0,0.0
479,/content/test/NoTrees/Industrial_2061.jpg,1.0,0.0
480,/content/test/NoTrees/Industrial_1682.jpg,0.965,0.035
481,/content/test/Trees/River_1855.jpg,0.001,0.999
482,/content/test/Trees/Forest_443.jpg,0.001,0.999
483,/content/test/NoTrees/SeaLake_581.jpg,0.998,0.002
484,/content/test/Trees/River_2341.jpg,0.008,0.992
485,/content/test/NoTrees/SeaLake_1294.jpg,1.0,0.0
486,/content/test/Trees/Forest_1560.jpg,0.005,0.995
487,/content/test/Trees/River_947.jpg,0.028,0.972
488,/content/test/NoTrees/SeaLake_1113.jpg,0.886,0.114
489,/content/test/Trees/Forest_1233.jpg,0.005,0.995
490,/content/test/Trees/Forest_2480.jpg,0.013,0.987
491,/content/test/NoTrees/AnnualCrop_2449.jpg,1.0,0.0
492,/content/test/Trees/Forest_1154.jpg,0.033,0.967
493,/content/test/Trees/Pasture_651.jpg,0.109,0.891
494,/content/test/NoTrees/SeaLake_1860.jpg,1.0,0.0
495,/content/test/NoTrees/AnnualCrop_401.jpg,0.998,0.002
496,/content/test/NoTrees/SeaLake_1906.jpg,0.997,0.003
497,/content/test/NoTrees/AnnualCrop_2133.jpg,0.83,0.17
498,/content/test/NoTrees/SeaLake_568.jpg,0.998,0.002
499,/content/test/Trees/Forest_2655.jpg,0.026,0.974
500,/content/test/NoTrees/Industrial_106.jpg,1.0,0.0
501,/content/test/NoTrees/SeaLake_1643.jpg,1.0,0.0
502,/content/test/NoTrees/AnnualCrop_1659.jpg,0.923,0.077
503,/content/test/Trees/Forest_284.jpg,0.005,0.995
504,/content/test/NoTrees/Industrial_722.jpg,0.998,0.002
505,/content/test/Trees/River_2008.jpg,0.022,0.978
506,/content/test/Trees/Forest_1229.jpg,0.0,1.0
507,/content/test/Trees/River_2356.jpg,0.172,0.828
508,/content/test/Trees/Forest_588.jpg,0.994,0.006
509,/content/test/NoTrees/SeaLake_1816.jpg,0.999,0.001
510,/content/test/Trees/Forest_573.jpg,0.049,0.951
511,/content/test/Trees/Forest_362.jpg,0.0,1.0
512,/content/test/NoTrees/AnnualCrop_2124.jpg,0.96,0.04
513,/content/test/NoTrees/Industrial_683.jpg,1.0,0.0
514,/content/test/Trees/River_1758.jpg,0.001,0.999
515,/content/test/Trees/River_511.jpg,0.003,0.997
516,/content/test/Trees/River_2474.jpg,0.049,0.951
517,/content/test/Trees/Forest_1583.jpg,0.879,0.121
518,/content/test/Trees/Pasture_1156.jpg,0.91,0.09
519,/content/test/Trees/Forest_228.jpg,0.139,0.861
520,/content/test/NoTrees/SeaLake_1790.jpg,1.0,0.0
521,/content/test/Trees/Forest_1983.jpg,0.013,0.987
522,/content/test/Trees/Forest_1636.jpg,0.009,0.991
523,/content/test/Trees/Forest_120.jpg,0.032,0.968
524,/content/test/Trees/River_2195.jpg,0.16,0.84
525,/content/test/NoTrees/Industrial_1155.jpg,1.0,0.0
526,/content/test/Trees/Forest_1980.jpg,0.564,0.436
527,/content/test/Trees/River_523.jpg,0.002,0.998
528,/content/test/Trees/River_1722.jpg,0.008,0.992
529,/content/test/Trees/Forest_635.jpg,0.341,0.659
530,/content/test/Trees/River_664.jpg,0.003,0.997
531,/content/test/NoTrees/Industrial_634.jpg,0.998,0.002
532,/content/test/Trees/River_13.jpg,0.076,0.924
533,/content/test/NoTrees/SeaLake_921.jpg,0.78,0.22
534,/content/test/Trees/Forest_2826.jpg,0.51,0.49
535,/content/test/NoTrees/Industrial_807.jpg,1.0,0.0
536,/content/test/NoTrees/AnnualCrop_94.jpg,1.0,0.0
537,/content/test/Trees/Forest_233.jpg,0.362,0.638
538,/content/test/Trees/Forest_2139.jpg,0.0,1.0
539,/content/test/NoTrees/SeaLake_540.jpg,0.978,0.022
540,/content/test/NoTrees/Industrial_2143.jpg,1.0,0.0
541,/content/test/NoTrees/Industrial_1365.jpg,1.0,0.0
542,/content/test/Trees/River_1564.jpg,0.001,0.999
543,/content/test/NoTrees/SeaLake_1559.jpg,0.948,0.052
544,/content/test/Trees/Forest_1889.jpg,0.0,1.0
545,/content/test/Trees/Forest_831.jpg,0.002,0.998
546,/content/test/Trees/Forest_1303.jpg,0.267,0.733
547,/content/test/Trees/River_1651.jpg,0.998,0.002
548,/content/test/NoTrees/SeaLake_943.jpg,1.0,0.0
549,/content/test/NoTrees/AnnualCrop_1930.jpg,0.526,0.474
550,/content/test/NoTrees/SeaLake_1023.jpg,1.0,0.0
551,/content/test/Trees/River_2391.jpg,0.303,0.697
552,/content/test/Trees/Forest_2849.jpg,0.211,0.789
553,/content/test/Trees/River_1571.jpg,0.009,0.991
554,/content/test/NoTrees/Industrial_1815.jpg,0.999,0.001
555,/content/test/NoTrees/SeaLake_1126.jpg,0.838,0.162
556,/content/test/Trees/Forest_2095.jpg,0.187,0.813
557,/content/test/NoTrees/Industrial_1895.jpg,1.0,0.0
558,/content/test/Trees/Forest_2841.jpg,0.175,0.825
559,/content/test/NoTrees/AnnualCrop_131.jpg,1.0,0.0
560,/content/test/Trees/Forest_413.jpg,0.122,0.878
561,/content/test/Trees/Forest_2211.jpg,0.0,1.0
562,/content/test/NoTrees/SeaLake_609.jpg,1.0,0.0
563,/content/test/Trees/Forest_1851.jpg,0.402,0.598
564,/content/test/Trees/Forest_238.jpg,0.061,0.939
565,/content/test/NoTrees/Industrial_218.jpg,0.996,0.004
566,/content/test/NoTrees/SeaLake_1361.jpg,1.0,0.0
567,/content/test/NoTrees/Industrial_2377.jpg,0.994,0.006
568,/content/test/Trees/Forest_2288.jpg,0.01,0.99
569,/content/test/NoTrees/Industrial_1913.jpg,1.0,0.0
570,/content/test/NoTrees/Industrial_1935.jpg,0.999,0.001
571,/content/test/NoTrees/SeaLake_766.jpg,1.0,0.0
572,/content/test/Trees/River_1186.jpg,0.04,0.96
573,/content/test/NoTrees/Industrial_769.jpg,0.976,0.024
574,/content/test/NoTrees/Industrial_481.jpg,0.909,0.091
575,/content/test/NoTrees/SeaLake_1001.jpg,1.0,0.0
576,/content/test/NoTrees/Industrial_1568.jpg,0.996,0.004
577,/content/test/NoTrees/Industrial_477.jpg,0.998,0.002
578,/content/test/NoTrees/Industrial_922.jpg,1.0,0.0
579,/content/test/Trees/Forest_1159.jpg,0.0,1.0
580,/content/test/NoTrees/SeaLake_589.jpg,1.0,0.0
581,/content/test/Trees/Forest_260.jpg,0.003,0.997
582,/content/test/Trees/Forest_657.jpg,0.001,0.999
583,/content/test/NoTrees/SeaLake_1020.jpg,1.0,0.0
584,/content/test/NoTrees/SeaLake_516.jpg,1.0,0.0
585,/content/test/Trees/Forest_2726.jpg,0.084,0.916
586,/content/test/Trees/Forest_1035.jpg,0.0,1.0
587,/content/test/NoTrees/SeaLake_852.jpg,0.975,0.025
588,/content/test/Trees/River_1530.jpg,0.03,0.97
589,/content/test/Trees/River_208.jpg,0.018,0.982
590,/content/test/NoTrees/Industrial_1575.jpg,0.999,0.001
591,/content/test/Trees/River_2380.jpg,0.001,0.999
592,/content/test/NoTrees/SeaLake_173.jpg,0.95,0.05
593,/content/test/NoTrees/AnnualCrop_54.jpg,1.0,0.0
594,/content/test/Trees/Forest_1195.jpg,0.046,0.954
595,/content/test/Trees/Forest_2731.jpg,0.008,0.992
596,/content/test/Trees/Forest_341.jpg,0.028,0.972
597,/content/test/Trees/River_396.jpg,0.143,0.857
598,/content/test/NoTrees/Industrial_37.jpg,0.957,0.043
599,/content/test/Trees/Forest_16.jpg,0.042,0.958
600,/content/test/Trees/Forest_321.jpg,0.005,0.995
601,/content/test/Trees/Forest_359.jpg,0.0,1.0
602,/content/test/Trees/River_665.jpg,0.136,0.864
603,/content/test/Trees/Forest_1836.jpg,0.001,0.999
604,/content/test/NoTrees/Industrial_1349.jpg,0.082,0.918
605,/content/test/Trees/Forest_1219.jpg,0.003,0.997
606,/content/test/Trees/River_670.jpg,0.007,0.993
607,/content/test/NoTrees/SeaLake_1493.jpg,0.999,0.001
608,/content/test/Trees/Forest_679.jpg,0.001,0.999
609,/content/test/Trees/River_2202.jpg,0.115,0.885
610,/content/test/NoTrees/SeaLake_1630.jpg,1.0,0.0
611,/content/test/Trees/Forest_582.jpg,0.008,0.992
612,/content/test/NoTrees/SeaLake_1765.jpg,1.0,0.0
613,/content/test/Trees/Forest_2728.jpg,0.024,0.976
614,/content/test/NoTrees/SeaLake_1878.jpg,0.575,0.425
615,/content/test/Trees/River_2438.jpg,0.001,0.999
616,/content/test/Trees/River_2290.jpg,0.0,1.0
617,/content/test/NoTrees/Industrial_1352.jpg,0.997,0.003
618,/content/test/Trees/Forest_1839.jpg,0.163,0.837
619,/content/test/NoTrees/SeaLake_832.jpg,0.999,0.001
620,/content/test/NoTrees/SeaLake_410.jpg,1.0,0.0
621,/content/test/Trees/River_181.jpg,0.001,0.999
622,/content/test/Trees/River_500.jpg,0.028,0.972
623,/content/test/Trees/Forest_259.jpg,0.086,0.914
624,/content/test/NoTrees/AnnualCrop_107.jpg,0.972,0.028
625,/content/test/NoTrees/SeaLake_1045.jpg,0.999,0.001
626,/content/test/NoTrees/SeaLake_327.jpg,0.976,0.024
627,/content/test/NoTrees/Industrial_102.jpg,0.955,0.045
628,/content/test/Trees/River_1052.jpg,0.224,0.776
629,/content/test/Trees/Forest_400.jpg,0.0,1.0
630,/content/test/Trees/Forest_1388.jpg,0.511,0.489
631,/content/test/Trees/Forest_2789.jpg,0.001,0.999
632,/content/test/NoTrees/Industrial_1281.jpg,0.898,0.102
633,/content/test/Trees/River_2041.jpg,0.977,0.023
634,/content/test/Trees/Forest_673.jpg,0.0,1.0
635,/content/test/Trees/Forest_1617.jpg,0.024,0.976
636,/content/test/NoTrees/Industrial_478.jpg,1.0,0.0
637,/content/test/NoTrees/Industrial_1665.jpg,1.0,0.0
638,/content/test/NoTrees/Industrial_712.jpg,1.0,0.0
639,/content/test/NoTrees/SeaLake_2169.jpg,1.0,0.0
640,/content/test/NoTrees/Industrial_1967.jpg,0.931,0.069
641,/content/test/NoTrees/SeaLake_519.jpg,1.0,0.0
642,/content/test/NoTrees/Industrial_546.jpg,1.0,0.0
643,/content/test/NoTrees/SeaLake_143.jpg,0.912,0.088
644,/content/test/Trees/Pasture_1709.jpg,0.268,0.732
645,/content/test/NoTrees/AnnualCrop_1422.jpg,0.989,0.011
646,/content/test/NoTrees/AnnualCrop_2520.jpg,0.466,0.534
647,/content/test/Trees/River_555.jpg,0.728,0.272
648,/content/test/Trees/Forest_2605.jpg,0.013,0.987
649,/content/test/NoTrees/SeaLake_2457.jpg,1.0,0.0
650,/content/test/Trees/River_1363.jpg,0.078,0.922
651,/content/test/NoTrees/SeaLake_1195.jpg,1.0,0.0
652,/content/test/NoTrees/AnnualCrop_1047.jpg,0.892,0.108
653,/content/test/Trees/River_1375.jpg,0.001,0.999
654,/content/test/NoTrees/AnnualCrop_86.jpg,1.0,0.0
655,/content/test/NoTrees/SeaLake_1596.jpg,0.999,0.001
656,/content/test/Trees/Pasture_671.jpg,0.245,0.755
657,/content/test/NoTrees/Industrial_1096.jpg,1.0,0.0
658,/content/test/Trees/River_980.jpg,0.299,0.701
659,/content/test/NoTrees/SeaLake_613.jpg,0.998,0.002
660,/content/test/NoTrees/SeaLake_1832.jpg,0.998,0.002
661,/content/test/Trees/Forest_2767.jpg,0.023,0.977
662,/content/test/Trees/Forest_718.jpg,0.013,0.987
663,/content/test/Trees/Forest_1446.jpg,0.001,0.999
664,/content/test/NoTrees/SeaLake_2033.jpg,0.952,0.048
665,/content/test/NoTrees/Industrial_1638.jpg,1.0,0.0
666,/content/test/NoTrees/SeaLake_1958.jpg,1.0,0.0
667,/content/test/NoTrees/Industrial_2030.jpg,1.0,0.0
668,/content/test/Trees/River_625.jpg,0.011,0.989
669,/content/test/Trees/Forest_18.jpg,0.042,0.958
670,/content/test/NoTrees/Industrial_1570.jpg,1.0,0.0
671,/content/test/Trees/River_310.jpg,0.092,0.908
672,/content/test/NoTrees/Industrial_189.jpg,0.993,0.007
673,/content/test/NoTrees/SeaLake_171.jpg,1.0,0.0
674,/content/test/NoTrees/SeaLake_792.jpg,1.0,0.0
675,/content/test/Trees/Forest_1518.jpg,0.0,1.0
676,/content/test/NoTrees/SeaLake_1735.jpg,0.977,0.023
677,/content/test/Trees/Pasture_1664.jpg,0.048,0.952
678,/content/test/NoTrees/Industrial_172.jpg,1.0,0.0
679,/content/test/NoTrees/AnnualCrop_1573.jpg,0.997,0.003
680,/content/test/NoTrees/AnnualCrop_1201.jpg,1.0,0.0
681,/content/test/Trees/Forest_2987.jpg,1.0,0.0
682,/content/test/Trees/River_1775.jpg,0.075,0.925
683,/content/test/Trees/Forest_422.jpg,0.002,0.998
684,/content/test/Trees/Forest_2245.jpg,0.016,0.984
685,/content/test/NoTrees/AnnualCrop_407.jpg,0.999,0.001
686,/content/test/Trees/Forest_2619.jpg,0.0,1.0
687,/content/test/NoTrees/Industrial_1071.jpg,1.0,0.0
688,/content/test/Trees/Forest_2365.jpg,0.006,0.994
689,/content/test/Trees/River_1209.jpg,0.01,0.99
690,/content/test/NoTrees/Industrial_1215.jpg,0.998,0.002
691,/content/test/Trees/River_367.jpg,0.005,0.995
692,/content/test/NoTrees/AnnualCrop_467.jpg,0.978,0.022
693,/content/test/Trees/Forest_1645.jpg,0.002,0.998
694,/content/test/Trees/Forest_509.jpg,0.009,0.991
695,/content/test/NoTrees/Industrial_652.jpg,0.999,0.001
696,/content/test/NoTrees/Industrial_938.jpg,0.999,0.001
697,/content/test/Trees/River_1370.jpg,0.886,0.114
698,/content/test/NoTrees/SeaLake_118.jpg,1.0,0.0
699,/content/test/Trees/Forest_1114.jpg,0.03,0.97
700,/content/test/NoTrees/Industrial_1115.jpg,1.0,0.0
701,/content/test/NoTrees/SeaLake_1578.jpg,1.0,0.0
702,/content/test/NoTrees/SeaLake_1116.jpg,1.0,0.0
703,/content/test/NoTrees/SeaLake_2609.jpg,1.0,0.0
704,/content/test/NoTrees/SeaLake_37.jpg,0.997,0.003
705,/content/test/NoTrees/Industrial_1383.jpg,0.999,0.001
706,/content/test/Trees/River_235.jpg,0.036,0.964
707,/content/test/Trees/Forest_2900.jpg,0.078,0.922
708,/content/test/Trees/River_1472.jpg,0.025,0.975
709,/content/test/Trees/Forest_1357.jpg,0.018,0.982
710,/content/test/Trees/Forest_2237.jpg,0.001,0.999
711,/content/test/Trees/River_2052.jpg,0.107,0.893
712,/content/test/NoTrees/Industrial_2048.jpg,1.0,0.0
713,/content/test/NoTrees/Industrial_2004.jpg,1.0,0.0
714,/content/test/NoTrees/Industrial_2008.jpg,1.0,0.0
715,/content/test/NoTrees/Industrial_2276.jpg,1.0,0.0
716,/content/test/Trees/Forest_2298.jpg,0.441,0.559
717,/content/test/NoTrees/AnnualCrop_1075.jpg,0.996,0.004
718,/content/test/Trees/River_2301.jpg,0.0,1.0
719,/content/test/NoTrees/SeaLake_622.jpg,1.0,0.0
720,/content/test/NoTrees/AnnualCrop_1563.jpg,0.998,0.002
721,/content/test/Trees/Forest_357.jpg,0.021,0.979
722,/content/test/NoTrees/Industrial_733.jpg,1.0,0.0
723,/content/test/NoTrees/Industrial_580.jpg,1.0,0.0
724,/content/test/NoTrees/Industrial_2047.jpg,1.0,0.0
725,/content/test/NoTrees/Industrial_74.jpg,0.992,0.008
726,/content/test/Trees/River_1813.jpg,0.257,0.743
727,/content/test/Trees/Forest_180.jpg,0.034,0.966
728,/content/test/Trees/Forest_273.jpg,0.062,0.938
729,/content/test/Trees/River_2186.jpg,0.002,0.998
730,/content/test/NoTrees/Industrial_2065.jpg,1.0,0.0
731,/content/test/NoTrees/Industrial_939.jpg,0.896,0.104
732,/content/test/NoTrees/SeaLake_901.jpg,0.957,0.043
733,/content/test/NoTrees/Industrial_1944.jpg,1.0,0.0
734,/content/test/Trees/Forest_2831.jpg,0.001,0.999
735,/content/test/NoTrees/Industrial_1355.jpg,0.979,0.021
736,/content/test/NoTrees/Industrial_290.jpg,1.0,0.0
737,/content/test/NoTrees/Industrial_2246.jpg,1.0,0.0
738,/content/test/Trees/River_919.jpg,0.043,0.957
739,/content/test/Trees/Forest_1251.jpg,0.14,0.86
740,/content/test/NoTrees/SeaLake_1920.jpg,1.0,0.0
741,/content/test/NoTrees/SeaLake_2059.jpg,1.0,0.0
742,/content/test/Trees/Forest_913.jpg,0.005,0.995
743,/content/test/NoTrees/Industrial_556.jpg,1.0,0.0
744,/content/test/Trees/River_257.jpg,0.063,0.937
745,/content/test/Trees/Forest_1589.jpg,0.003,0.997
746,/content/test/NoTrees/AnnualCrop_7.jpg,0.995,0.005
747,/content/test/Trees/River_570.jpg,0.001,0.999
748,/content/test/Trees/River_1119.jpg,0.143,0.857
749,/content/test/Trees/Forest_278.jpg,0.046,0.954
750,/content/test/NoTrees/Industrial_1803.jpg,1.0,0.0
751,/content/test/NoTrees/Industrial_1103.jpg,1.0,0.0
752,/content/test/NoTrees/SeaLake_909.jpg,0.974,0.026
753,/content/test/Trees/Forest_1544.jpg,0.005,0.995
754,/content/test/NoTrees/SeaLake_543.jpg,0.999,0.001
755,/content/test/NoTrees/SeaLake_347.jpg,0.999,0.001
756,/content/test/Trees/Forest_2539.jpg,0.162,0.838
757,/content/test/NoTrees/Industrial_2462.jpg,1.0,0.0
758,/content/test/Trees/Forest_2963.jpg,0.067,0.933
759,/content/test/NoTrees/SeaLake_1527.jpg,1.0,0.0
760,/content/test/Trees/Forest_152.jpg,0.002,0.998
761,/content/test/NoTrees/Industrial_2200.jpg,1.0,0.0
762,/content/test/NoTrees/Industrial_642.jpg,1.0,0.0
763,/content/test/Trees/River_1091.jpg,0.013,0.987
764,/content/test/Trees/River_463.jpg,0.299,0.701
765,/content/test/Trees/Forest_864.jpg,0.018,0.982
766,/content/test/NoTrees/SeaLake_1303.jpg,1.0,0.0
767,/content/test/Trees/Forest_1759.jpg,0.693,0.307
768,/content/test/NoTrees/Industrial_2336.jpg,1.0,0.0
769,/content/test/Trees/Forest_1695.jpg,0.009,0.991
770,/content/test/NoTrees/Industrial_398.jpg,0.999,0.001
771,/content/test/Trees/River_1357.jpg,0.979,0.021
772,/content/test/NoTrees/Industrial_242.jpg,1.0,0.0
773,/content/test/Trees/River_1330.jpg,0.129,0.871
774,/content/test/Trees/Forest_2761.jpg,0.168,0.832
775,/content/test/NoTrees/SeaLake_1050.jpg,0.991,0.009
776,/content/test/Trees/Forest_262.jpg,0.051,0.949
777,/content/test/Trees/River_884.jpg,0.944,0.056
778,/content/test/NoTrees/Industrial_668.jpg,1.0,0.0
779,/content/test/NoTrees/SeaLake_1640.jpg,0.997,0.003
780,/content/test/Trees/Forest_1372.jpg,0.042,0.958
781,/content/test/Trees/River_2112.jpg,0.007,0.993
782,/content/test/NoTrees/SeaLake_1699.jpg,1.0,0.0
783,/content/test/Trees/Forest_1588.jpg,0.063,0.937
784,/content/test/Trees/Forest_108.jpg,0.0,1.0
785,/content/test/NoTrees/Industrial_717.jpg,1.0,0.0
786,/content/test/NoTrees/Industrial_1805.jpg,0.983,0.017
787,/content/test/NoTrees/AnnualCrop_2298.jpg,0.999,0.001
788,/content/test/NoTrees/Industrial_2232.jpg,0.998,0.002
789,/content/test/NoTrees/SeaLake_997.jpg,1.0,0.0
790,/content/test/NoTrees/Industrial_1072.jpg,0.999,0.001
791,/content/test/Trees/River_1026.jpg,0.021,0.979
792,/content/test/NoTrees/Industrial_937.jpg,0.992,0.008
793,/content/test/Trees/Forest_992.jpg,0.0,1.0
794,/content/test/NoTrees/SeaLake_1130.jpg,0.993,0.007
795,/content/test/Trees/River_646.jpg,0.011,0.989
796,/content/test/NoTrees/Industrial_1464.jpg,0.992,0.008
797,/content/test/NoTrees/Industrial_1075.jpg,1.0,0.0
798,/content/test/NoTrees/Industrial_1777.jpg,1.0,0.0
799,/content/test/Trees/River_1621.jpg,0.231,0.769
800,/content/test/Trees/Forest_1434.jpg,0.019,0.981
801,/content/test/NoTrees/SeaLake_2146.jpg,0.995,0.005
802,/content/test/Trees/Forest_2369.jpg,0.0,1.0
803,/content/test/NoTrees/SeaLake_1992.jpg,1.0,0.0
804,/content/test/Trees/Forest_869.jpg,0.034,0.966
805,/content/test/Trees/Forest_1216.jpg,0.002,0.998
806,/content/test/NoTrees/SeaLake_1557.jpg,0.491,0.509
807,/content/test/NoTrees/AnnualCrop_2095.jpg,0.84,0.16
808,/content/test/NoTrees/SeaLake_157.jpg,0.997,0.003
809,/content/test/Trees/River_1840.jpg,0.997,0.003
810,/content/test/Trees/Forest_630.jpg,0.025,0.975
811,/content/test/NoTrees/Industrial_1673.jpg,0.999,0.001
812,/content/test/NoTrees/Industrial_1946.jpg,1.0,0.0
813,/content/test/Trees/Forest_1638.jpg,0.008,0.992
814,/content/test/NoTrees/Industrial_1298.jpg,0.959,0.041
815,/content/test/NoTrees/Industrial_2435.jpg,0.999,0.001
816,/content/test/NoTrees/AnnualCrop_1675.jpg,0.967,0.033
817,/content/test/NoTrees/AnnualCrop_110.jpg,0.919,0.081
818,/content/test/Trees/River_558.jpg,0.008,0.992
819,/content/test/Trees/River_1674.jpg,0.221,0.779
820,/content/test/NoTrees/AnnualCrop_2716.jpg,1.0,0.0
821,/content/test/Trees/Pasture_332.jpg,0.471,0.529
822,/content/test/NoTrees/SeaLake_205.jpg,1.0,0.0
823,/content/test/Trees/Forest_537.jpg,0.014,0.986
824,/content/test/Trees/Forest_1620.jpg,0.005,0.995
825,/content/test/NoTrees/SeaLake_1593.jpg,0.996,0.004
826,/content/test/Trees/Forest_1078.jpg,0.003,0.997
827,/content/test/NoTrees/Industrial_38.jpg,1.0,0.0
828,/content/test/Trees/River_544.jpg,0.01,0.99
829,/content/test/NoTrees/Industrial_1227.jpg,0.58,0.42
830,/content/test/Trees/River_329.jpg,0.83,0.17
831,/content/test/Trees/River_747.jpg,0.001,0.999
832,/content/test/NoTrees/Industrial_1130.jpg,0.997,0.003
833,/content/test/Trees/River_70.jpg,0.018,0.982
834,/content/test/NoTrees/SeaLake_1117.jpg,0.976,0.024
835,/content/test/Trees/Forest_1699.jpg,0.016,0.984
836,/content/test/NoTrees/SeaLake_603.jpg,1.0,0.0
837,/content/test/NoTrees/SeaLake_1259.jpg,0.966,0.034
838,/content/test/NoTrees/Industrial_1887.jpg,0.999,0.001
839,/content/test/NoTrees/SeaLake_475.jpg,0.974,0.026
840,/content/test/Trees/Forest_2012.jpg,0.012,0.988
841,/content/test/NoTrees/Industrial_1757.jpg,1.0,0.0
842,/content/test/Trees/Forest_2331.jpg,0.007,0.993
843,/content/test/Trees/Forest_216.jpg,0.197,0.803
844,/content/test/Trees/River_264.jpg,0.025,0.975
845,/content/test/Trees/River_723.jpg,0.019,0.981
846,/content/test/NoTrees/SeaLake_1453.jpg,1.0,0.0
847,/content/test/Trees/River_742.jpg,0.012,0.988
848,/content/test/NoTrees/Industrial_701.jpg,1.0,0.0
849,/content/test/NoTrees/SeaLake_1454.jpg,1.0,0.0
850,/content/test/Trees/River_96.jpg,0.181,0.819
851,/content/test/NoTrees/SeaLake_916.jpg,0.99,0.01
852,/content/test/Trees/River_10.jpg,0.006,0.994
853,/content/test/NoTrees/SeaLake_1169.jpg,0.999,0.001
854,/content/test/NoTrees/SeaLake_1621.jpg,0.999,0.001
855,/content/test/NoTrees/SeaLake_374.jpg,0.996,0.004
856,/content/test/Trees/Forest_751.jpg,0.001,0.999
857,/content/test/Trees/River_1535.jpg,0.743,0.257
858,/content/test/Trees/Forest_790.jpg,0.061,0.939
859,/content/test/NoTrees/SeaLake_594.jpg,1.0,0.0
860,/content/test/Trees/Forest_2030.jpg,0.001,0.999
861,/content/test/Trees/River_2493.jpg,0.322,0.678
862,/content/test/Trees/Forest_1808.jpg,0.002,0.998
863,/content/test/NoTrees/Industrial_1315.jpg,1.0,0.0
864,/content/test/Trees/River_2108.jpg,0.382,0.618
865,/content/test/Trees/River_1542.jpg,0.107,0.893
866,/content/test/Trees/Forest_2851.jpg,0.988,0.012
867,/content/test/Trees/Forest_1761.jpg,0.0,1.0
868,/content/test/NoTrees/AnnualCrop_2783.jpg,0.719,0.281
869,/content/test/NoTrees/AnnualCrop_65.jpg,1.0,0.0
870,/content/test/Trees/Pasture_753.jpg,0.174,0.826
871,/content/test/NoTrees/Industrial_1978.jpg,0.999,0.001
872,/content/test/NoTrees/SeaLake_406.jpg,1.0,0.0
873,/content/test/NoTrees/SeaLake_1540.jpg,0.387,0.613
874,/content/test/NoTrees/Industrial_882.jpg,0.999,0.001
875,/content/test/Trees/Forest_814.jpg,0.396,0.604
876,/content/test/NoTrees/SeaLake_35.jpg,0.998,0.002
877,/content/test/NoTrees/SeaLake_660.jpg,0.995,0.005
878,/content/test/Trees/Forest_2059.jpg,0.36,0.64
879,/content/test/Trees/River_1155.jpg,0.057,0.943
880,/content/test/NoTrees/SeaLake_1959.jpg,0.996,0.004
881,/content/test/Trees/River_1366.jpg,0.039,0.961
882,/content/test/NoTrees/Industrial_773.jpg,1.0,0.0
883,/content/test/Trees/River_759.jpg,0.005,0.995
884,/content/test/NoTrees/SeaLake_394.jpg,0.998,0.002
885,/content/test/NoTrees/AnnualCrop_1556.jpg,1.0,0.0
886,/content/test/Trees/Forest_1940.jpg,0.763,0.237
887,/content/test/NoTrees/SeaLake_652.jpg,1.0,0.0
888,/content/test/NoTrees/AnnualCrop_1328.jpg,0.993,0.007
889,/content/test/Trees/Forest_850.jpg,0.436,0.564
890,/content/test/NoTrees/Industrial_1104.jpg,1.0,0.0
891,/content/test/Trees/River_1012.jpg,0.057,0.943
892,/content/test/NoTrees/SeaLake_1759.jpg,0.996,0.004
893,/content/test/NoTrees/SeaLake_608.jpg,0.999,0.001
894,/content/test/NoTrees/AnnualCrop_2350.jpg,0.09,0.91
895,/content/test/NoTrees/SeaLake_1419.jpg,0.994,0.006
896,/content/test/Trees/River_1771.jpg,0.001,0.999
897,/content/test/Trees/River_1762.jpg,0.601,0.399
898,/content/test/NoTrees/SeaLake_2079.jpg,1.0,0.0
899,/content/test/Trees/River_735.jpg,0.086,0.914
900,/content/test/NoTrees/Industrial_320.jpg,0.989,0.011
901,/content/test/Trees/River_201.jpg,0.208,0.792
902,/content/test/NoTrees/Industrial_1195.jpg,1.0,0.0
903,/content/test/NoTrees/SeaLake_714.jpg,1.0,0.0
904,/content/test/NoTrees/SeaLake_817.jpg,0.987,0.013
905,/content/test/NoTrees/Industrial_1416.jpg,0.999,0.001
906,/content/test/Trees/River_225.jpg,0.03,0.97
907,/content/test/NoTrees/Industrial_1886.jpg,1.0,0.0
908,/content/test/Trees/River_1899.jpg,0.426,0.574
909,/content/test/NoTrees/Industrial_2046.jpg,1.0,0.0
910,/content/test/Trees/Forest_2758.jpg,0.038,0.962
911,/content/test/NoTrees/SeaLake_719.jpg,0.996,0.004
912,/content/test/Trees/Forest_2047.jpg,0.756,0.244
913,/content/test/NoTrees/SeaLake_2289.jpg,0.999,0.001
914,/content/test/Trees/Pasture_185.jpg,0.836,0.164
915,/content/test/NoTrees/Industrial_2037.jpg,0.936,0.064
916,/content/test/Trees/Forest_1691.jpg,0.002,0.998
917,/content/test/Trees/Forest_232.jpg,0.813,0.187
918,/content/test/Trees/River_813.jpg,0.013,0.987
919,/content/test/Trees/River_1929.jpg,0.121,0.879
920,/content/test/Trees/Forest_250.jpg,0.784,0.216
921,/content/test/NoTrees/Industrial_348.jpg,1.0,0.0
922,/content/test/Trees/Forest_1655.jpg,0.505,0.495
923,/content/test/Trees/Forest_478.jpg,0.01,0.99
924,/content/test/NoTrees/Industrial_1330.jpg,0.887,0.113
925,/content/test/Trees/River_303.jpg,0.984,0.016
926,/content/test/Trees/Forest_2536.jpg,0.209,0.791
927,/content/test/Trees/Forest_2941.jpg,0.002,0.998
928,/content/test/NoTrees/SeaLake_607.jpg,1.0,0.0
929,/content/test/NoTrees/SeaLake_2791.jpg,1.0,0.0
930,/content/test/NoTrees/SeaLake_1888.jpg,0.988,0.012
931,/content/test/Trees/Forest_2476.jpg,0.999,0.001
932,/content/test/NoTrees/Industrial_1450.jpg,0.316,0.684
933,/content/test/NoTrees/SeaLake_894.jpg,1.0,0.0
934,/content/test/Trees/River_1777.jpg,0.035,0.965
935,/content/test/NoTrees/SeaLake_1337.jpg,1.0,0.0
936,/content/test/NoTrees/Industrial_2383.jpg,1.0,0.0
937,/content/test/Trees/Forest_1941.jpg,0.998,0.002
938,/content/test/Trees/Pasture_1390.jpg,0.335,0.665
939,/content/test/Trees/Forest_2404.jpg,0.095,0.905
940,/content/test/NoTrees/SeaLake_1463.jpg,0.977,0.023
941,/content/test/Trees/Forest_105.jpg,0.0,1.0
942,/content/test/NoTrees/Industrial_360.jpg,1.0,0.0
943,/content/test/Trees/River_1800.jpg,0.602,0.398
944,/content/test/Trees/River_977.jpg,0.25,0.75
945,/content/test/Trees/Forest_1551.jpg,0.01,0.99
946,/content/test/NoTrees/Industrial_1921.jpg,0.734,0.266
947,/content/test/NoTrees/SeaLake_1035.jpg,1.0,0.0
948,/content/test/Trees/River_1638.jpg,0.986,0.014
949,/content/test/NoTrees/AnnualCrop_1226.jpg,0.997,0.003
950,/content/test/NoTrees/AnnualCrop_2457.jpg,0.888,0.112
951,/content/test/Trees/Forest_2146.jpg,0.001,0.999
952,/content/test/NoTrees/SeaLake_491.jpg,1.0,0.0
953,/content/test/Trees/Forest_1328.jpg,0.011,0.989
954,/content/test/Trees/Forest_2487.jpg,0.244,0.756
955,/content/test/Trees/Forest_1649.jpg,0.002,0.998
956,/content/test/NoTrees/Industrial_2335.jpg,1.0,0.0
957,/content/test/Trees/Forest_36.jpg,0.0,1.0
958,/content/test/NoTrees/Industrial_735.jpg,0.992,0.008
959,/content/test/NoTrees/Industrial_395.jpg,1.0,0.0
960,/content/test/NoTrees/Industrial_1642.jpg,0.017,0.983
961,/content/test/NoTrees/AnnualCrop_662.jpg,0.508,0.492
962,/content/test/Trees/Forest_1248.jpg,0.004,0.996
963,/content/test/NoTrees/SeaLake_471.jpg,0.975,0.025
964,/content/test/NoTrees/Industrial_535.jpg,0.996,0.004
965,/content/test/NoTrees/AnnualCrop_2811.jpg,1.0,0.0
966,/content/test/NoTrees/SeaLake_1608.jpg,0.952,0.048
967,/content/test/NoTrees/Industrial_2185.jpg,1.0,0.0
968,/content/test/NoTrees/Industrial_1761.jpg,1.0,0.0
969,/content/test/NoTrees/Industrial_1933.jpg,1.0,0.0
970,/content/test/Trees/Forest_937.jpg,0.001,0.999
971,/content/test/Trees/Forest_1929.jpg,0.035,0.965
972,/content/test/Trees/River_1934.jpg,0.0,1.0
973,/content/test/NoTrees/AnnualCrop_317.jpg,0.999,0.001
974,/content/test/Trees/Forest_2479.jpg,0.039,0.961
975,/content/test/NoTrees/SeaLake_1010.jpg,0.99,0.01
976,/content/test/Trees/Forest_2417.jpg,0.021,0.979
977,/content/test/Trees/River_1466.jpg,1.0,0.0
978,/content/test/NoTrees/Industrial_2360.jpg,0.012,0.988
979,/content/test/NoTrees/SeaLake_1217.jpg,0.993,0.007
980,/content/test/NoTrees/Industrial_1553.jpg,1.0,0.0
981,/content/test/NoTrees/Industrial_835.jpg,1.0,0.0
982,/content/test/Trees/Forest_2499.jpg,0.11,0.89
983,/content/test/NoTrees/Industrial_1684.jpg,1.0,0.0
984,/content/test/NoTrees/SeaLake_1477.jpg,1.0,0.0
985,/content/test/NoTrees/Industrial_1302.jpg,0.992,0.008
986,/content/test/NoTrees/SeaLake_1960.jpg,0.994,0.006
987,/content/test/Trees/River_987.jpg,0.008,0.992
988,/content/test/NoTrees/Industrial_336.jpg,0.89,0.11
989,/content/test/NoTrees/SeaLake_1339.jpg,0.999,0.001
990,/content/test/Trees/River_237.jpg,0.35,0.65
991,/content/test/NoTrees/Industrial_2227.jpg,1.0,0.0
992,/content/test/NoTrees/SeaLake_257.jpg,1.0,0.0
993,/content/test/NoTrees/Industrial_66.jpg,1.0,0.0
994,/content/test/NoTrees/Industrial_1845.jpg,1.0,0.0
995,/content/test/NoTrees/AnnualCrop_2090.jpg,0.983,0.017
996,/content/test/NoTrees/Industrial_480.jpg,0.988,0.012
997,/content/test/NoTrees/Industrial_789.jpg,1.0,0.0
998,/content/test/Trees/Forest_1986.jpg,0.002,0.998
999,/content/test/Trees/River_2489.jpg,0.016,0.984
1000,/content/test/NoTrees/Industrial_1971.jpg,0.861,0.139
1001,/content/test/NoTrees/Industrial_2421.jpg,0.998,0.002
1002,/content/test/NoTrees/Industrial_2416.jpg,1.0,0.0
1003,/content/test/NoTrees/Industrial_1079.jpg,1.0,0.0
1004,/content/test/NoTrees/Industrial_2470.jpg,1.0,0.0
1005,/content/test/Trees/River_154.jpg,0.035,0.965
1006,/content/test/NoTrees/Industrial_1715.jpg,0.999,0.001
1007,/content/test/NoTrees/SeaLake_710.jpg,1.0,0.0
1008,/content/test/NoTrees/Industrial_946.jpg,1.0,0.0
1009,/content/test/Trees/Forest_2515.jpg,0.026,0.974
1010,/content/test/NoTrees/Industrial_2170.jpg,1.0,0.0
1011,/content/test/NoTrees/Industrial_1305.jpg,1.0,0.0
1012,/content/test/Trees/River_427.jpg,0.001,0.999
1013,/content/test/NoTrees/Industrial_1198.jpg,1.0,0.0
1014,/content/test/NoTrees/Industrial_2439.jpg,1.0,0.0
1015,/content/test/Trees/Forest_2229.jpg,0.0,1.0
1016,/content/test/Trees/Forest_2837.jpg,0.194,0.806
1017,/content/test/Trees/River_146.jpg,0.009,0.991
1018,/content/test/NoTrees/AnnualCrop_2650.jpg,0.982,0.018
1019,/content/test/Trees/Forest_2326.jpg,0.047,0.953
1020,/content/test/Trees/Forest_2888.jpg,0.002,0.998
1021,/content/test/NoTrees/Industrial_494.jpg,0.827,0.173
1022,/content/test/NoTrees/Industrial_1143.jpg,1.0,0.0
1023,/content/test/Trees/Forest_2044.jpg,0.01,0.99
1024,/content/test/NoTrees/SeaLake_1685.jpg,0.998,0.002
1025,/content/test/Trees/River_281.jpg,0.002,0.998
1026,/content/test/Trees/River_1549.jpg,0.131,0.869
1027,/content/test/NoTrees/AnnualCrop_1926.jpg,0.976,0.024
1028,/content/test/NoTrees/SeaLake_895.jpg,0.997,0.003
1029,/content/test/Trees/Forest_1599.jpg,0.224,0.776
1030,/content/test/NoTrees/Industrial_1698.jpg,0.998,0.002
1031,/content/test/Trees/River_2078.jpg,0.008,0.992
1032,/content/test/Trees/Forest_1785.jpg,0.275,0.725
1033,/content/test/Trees/Forest_1948.jpg,0.176,0.824
1034,/content/test/Trees/Forest_1445.jpg,0.006,0.994
1035,/content/test/Trees/River_1791.jpg,0.05,0.95
1036,/content/test/NoTrees/Industrial_657.jpg,0.998,0.002
1037,/content/test/Trees/Forest_2661.jpg,0.011,0.989
1038,/content/test/Trees/Forest_1467.jpg,0.322,0.678
1039,/content/test/NoTrees/Industrial_296.jpg,0.674,0.326
